PhraseID,EN,IT,PT-BR,TR,ES-ES,SV,NL
SV_7ZNOB0077gVsGZo,,,,,,,
QID317_QuestionText,"Please, <strong>select your language</strong> in the menu above.&nbsp;<br />➘<br />➘Available languages:&nbsp;<br />➘&nbsp; &nbsp; 1.&nbsp;&nbsp; &nbsp;English (English)<br />➘&nbsp; &nbsp; 2.&nbsp;&nbsp; &nbsp;Espa&ntilde;ol (Spanish)<br />➘&nbsp; &nbsp; 3.&nbsp;&nbsp; &nbsp;Italiano (Italian)<br />➘&nbsp; &nbsp; 4.&nbsp;&nbsp; &nbsp;Nederlands (Dutch)<br />➘&nbsp; &nbsp; 5.&nbsp;&nbsp; &nbsp;Portugu&ecirc;s (Brasil) (Brazilian Portuguese)<br />➘&nbsp; &nbsp; 6.&nbsp;&nbsp; &nbsp;Svenska (Swedish)<br />➘&nbsp; &nbsp; 7.&nbsp;&nbsp; &nbsp;T&uuml;rk&ccedil;e (Turkish)<br />➘<br />➘&nbsp;",,,,,,<strong>Selecteer uw taal</strong> in het menu hierboven.<br /><br /> Beschikbare talen:<br /> 1. Engels (Engels)<br /> 2. Español (Spaans)<br /> 3. Italiano (Italiaans)<br /> 4. Nederlands<br /> 5. Português (Brazilië) (Braziliaans Portugees)<br /> 6. Svenska (Zweeds)<br /> 7. Türkçe (Turks)<br /><br />
QID322_QuestionText,Are you from one of the following <strong>countries</strong>?,,,,,,Komt u uit een van de volgende <strong>landen</strong> ?
QID322_Choice1,Brazil,,,,,,Brazilië
QID322_Choice4,Canada,,,,,,Canada
QID322_Choice5,Ghana,Omelette,,,,,Ghana
QID322_Choice6,India,,,,,,Indië
QID322_Choice7,Italy,,,,,,Italië
QID322_Choice8,Netherlands,,,,,,Nederland
QID322_Choice9,Spain,,,,,,Spanje
QID322_Choice10,Sweden,,,,,,Zweden
QID322_Choice11,Turkey,Frittata,,,,,Kalkoen
QID322_Choice12,Some other country,,,,,,Een ander land
QID320_QuestionText,"Are you <strong>at home</strong>, or at least at the house of someone you know?&nbsp;",,,,,,"Bent u <strong>thuis</strong>, of in ieder geval bij iemand die u kent?"
QID320_Choice1,"Yes, I'm at my house",,,,,,"Ja, ik ben bij mij thuis"
QID320_Choice2,"Yes, I'm at the house of someone I know",,,,,,"Ja, ik ben bij iemand thuis die ik ken"
QID320_Choice3,"No, I'm somewhere else",,,,,,"Nee, ik ben ergens anders"
QID321_QuestionText,"Note: if you are not at home, you cannot take part in this study.<br>➘<br>➘Please, <strong>continue later when you are at home</strong>.",,,,,,"Let op: als u niet thuis bent, kunt u niet deelnemen aan dit onderzoek.<br><br> <strong>Ga later verder als u thuis bent</strong> ."
QID323_QuestionText,"Note: if you are not from one of the nine countries listed above, you cannot take part in this study.&nbsp;<br>",,,,,,"Let op: als u niet uit een van de negen hierboven genoemde landen komt, kunt u niet deelnemen aan dit onderzoek.<br>"
QID341_QuestionText,Are you a participant from <strong>BeSample or Prolific</strong>?,,,,,,Bent u deelnemer van <strong>BeSample of Prolific</strong> ?
QID341_Choice2,Prolific,,,,,,Prolific
QID341_Choice3,BeSample,,,,,,BeSample
QID318_QuestionText,What is your <strong>Prolific ID</strong>?,,,,,,Wat is uw <strong>Prolific-ID</strong> ?
QID319_QuestionText,What is your <strong>BeSample ID</strong>?,,,,,,Wat is uw <strong>BeSample ID</strong> ?
QID233_QuestionText,Thank you for participating in our study.<br />➘<br />➘This research explores <strong>perceptions and behaviors related to second-hand clothing</strong>.<br />➘<br />➘Your input is invaluable in helping us understand this topic.,,,,,,Hartelijk dank voor uw deelname aan ons onderzoek.<br /><br /> In dit onderzoek wordt gekeken naar <strong>de perceptie en het gedrag met betrekking tot tweedehandskleding</strong> .<br /><br /> Uw input is van onschatbare waarde om ons dit onderwerp te helpen begrijpen.
QID1_QuestionText,"Dear participant,&nbsp;<br>➘<br>➘We're inviting you to partake in a study for&nbsp;<strong>Radboud University</strong>'s Behavioral Science Institute.&nbsp; &nbsp;<br>➘<br>➘The study complies with the&nbsp;<strong>ethical guidelines</strong>&nbsp;of Radboud University and code of conduct for data management.<br>➘<br>➘The data for this study are collected&nbsp;<strong>anonymously</strong>. Any information you provide&nbsp;cannot be traced back to you.&nbsp;<br>➘<br>➘Participation is voluntary. You're free to opt out anytime. If you choose to participate, we require you to sign an&nbsp;<strong>informed consent</strong>&nbsp;form below.<br>➘<br>➘If you have any questions, feel free to contact the executing researchers: matteo.perini@ru.nl<br>➘<br>➘Kind regards,<br>➘<br>➘Matteo Perini<br>➘&nbsp;",,,,,,"Beste deelnemer,<br><br> Wij nodigen u uit om deel te nemen aan een onderzoek voor het Behavioral Science Institute van <strong>de Radboud Universiteit</strong> .<br><br> Het onderzoek voldoet aan de <strong>ethische richtlijnen</strong> van de Radboud Universiteit en de gedragscode voor databeheer.<br><br> De gegevens voor dit onderzoek worden <strong>anoniem</strong> verzameld. De informatie die u verstrekt, is niet naar u te herleiden.<br><br> Deelname is vrijwillig. U kunt zich op elk moment afmelden. Als u besluit deel te nemen, vragen wij u om onderstaand <strong>toestemmingsformulier</strong> te ondertekenen.<br><br> Heeft u vragen, neem dan gerust contact op met de uitvoerende onderzoekers: matteo.perini@ru.nl<br><br> Met vriendelijke groeten,<br><br> Matteo Perini<br>"
QID2_QuestionText,"<strong>Use of the research data</strong><br>➘<br>➘The research data collected in this study will be&nbsp;<strong>saved by the researchers</strong>&nbsp;involved in this study.<br>➘<br>➘The consent form signed by you will be kept for 10 years upon completion of the research. Your (anonymized) research data&nbsp;<strong>will be stored</strong>&nbsp;for 10 years after the research has been completed.<br>➘<br>➘For reasons of&nbsp;<strong>scientific integrity</strong>, some persons and organizations must have access to your research data. This is necessary to test whether the research has been carried out properly and reliably. These persons and supervisory authorities inspecting the data are held to inspect your data on a strictly confidential basis. You will be asked to grant permission for this access. If you refuse to do so, you cannot participate in the study.<br>➘<br>➘Radboud University is responsible for compliance with the General Data Protection Regulation (GDPR) when processing your personal data. The researchers ensure that your privacy and the conditions attached to it are safeguarded and they adhere to the&nbsp;<strong>Dutch code of conduct</strong>&nbsp;for scientific integrity and university policy regarding the storage and management of personal and research data when conducting this research. You have the right to withdraw your consent for the processing of your personal data at any time. Your personal data will then be deleted.<br>➘<br>➘You can find the Radboud University&nbsp;<strong>Privacy Statement</strong>&nbsp;at: https://www.ru.nl/english/vaste-onderdelen/privacy-statement-radboud-university/. If you have any questions about your privacy, please contact the Privacy Officer Faculty of Social Sciences (P.Janssen@socsci.ru.nl). For general questions, please contact the office of the Data Protection Officer of Radboud University via privacy@ru.nl.<br>➘<br>➘<strong>More information</strong>&nbsp;about your rights in the processing of your personal data can be found at https://www.ru.nl/privacy/english/protection-personal-data/data-subjects-rights/ and on the website of the Dutch Data Protection Authority (https://autoriteitpersoonsgegevens.nl/en).Click to write the question text",,,,,,"<strong>Gebruik van de onderzoeksgegevens</strong><br><br> De onderzoeksgegevens die in dit onderzoek worden verzameld, worden <strong>bewaard door de onderzoekers</strong> die aan dit onderzoek deelnemen.<br><br> Het door u ondertekende toestemmingsformulier wordt 10 jaar na afronding van het onderzoek bewaard. Uw (geanonimiseerde) onderzoeksgegevens <strong>worden 10 jaar na afronding van het onderzoek bewaard</strong> .<br><br> Om redenen van <strong>wetenschappelijke integriteit</strong> moeten sommige personen en organisaties toegang hebben tot uw onderzoeksgegevens. Dit is noodzakelijk om te toetsen of het onderzoek naar behoren en betrouwbaar is uitgevoerd. Deze personen en toezichthoudende instanties die de gegevens inzien, zijn strikt vertrouwelijk gehouden uw gegevens in te zien. U wordt gevraagd toestemming te verlenen voor deze toegang. Indien u dit weigert, kunt u niet deelnemen aan het onderzoek.<br><br> De Radboud Universiteit is verantwoordelijk voor de naleving van de Algemene Verordening Gegevensbescherming (AVG) bij de verwerking van uw persoonsgegevens. De onderzoekers dragen er zorg voor dat uw privacy en de daaraan verbonden voorwaarden worden gewaarborgd en houden zich bij de uitvoering van dit onderzoek aan de <strong>Nederlandse gedragscode</strong> voor wetenschappelijke integriteit en het universitaire beleid inzake de opslag en het beheer van persoons- en onderzoeksgegevens. U heeft te allen tijde het recht om uw toestemming voor de verwerking van uw persoonsgegevens in te trekken. Uw persoonsgegevens worden dan verwijderd.<br><br> De <strong>privacyverklaring</strong> van de Radboud Universiteit vindt u op: https://www.ru.nl/english/vaste-onderdelen/privacy-statement-radboud-university/. Voor vragen over uw privacy kunt u contact opnemen met de Functionaris Gegevensbescherming van de Faculteit der Sociale Wetenschappen (P.Janssen@socsci.ru.nl). Voor algemene vragen kunt u contact opnemen met de Functionaris Gegevensbescherming van de Radboud Universiteit via privacy@ru.nl.<br><br> <strong>Meer informatie</strong> over uw rechten bij de verwerking van uw persoonsgegevens vindt u op https://www.ru.nl/privacy/english/protection-personal-data/data-subjects-rights/ en op de website van de Autoriteit Persoonsgegevens (https://autoriteitpersoonsgegevens.nl/nl). Klik om de vraagtekst te schrijven"
QID3_QuestionText,"<strong>Consent form for participation in scientific research</strong><br>➘<br>➘<strong>I herewith confirm that:</strong>➘<ul>➘	<li>I have read the written information;<br></li>➘	<li>I have been given the opportunity to ask questions about the study [matteo.perini@ru.nl];</li>➘	<li>My questions, if any, have been answered satisfactorily;</li>➘	<li>I have been given ample opportunity to think carefully about participating in the study;</li>➘	<li>I participate in the study entirely voluntarily.</li>➘</ul>➘<br>➘<strong>I understand that:</strong>➘➘<ul>➘	<li>I have the right to withdraw my consent to participate at any time during the study without having to state reasons and without fear of adverse consequences;</li>➘	<li>My personal data are processed in accordance with the applicable European privacy regulations;</li>➘	<li>My personal data are processed in accordance with the privacy statement of Radboud University (https://www.ru.nl/english/vaste-onderdelen/privacy-statement-radboud-university/) the tests and questionnaires used are not medical/clinical tests. Since the data are collected anonymously, the researchers cannot inform me about scores that may be of personal clinical interest.</li>➘</ul>➘<br>➘<strong>I agree that:</strong>➘➘<ul>➘	<li>My research data within this research will be obtained for scientific purposes and will be available for verification, reuse and replication for&nbsp;10 years;</li>➘	<li>The signed consent form with my personal data is kept for 10 years;</li>➘	<li>My personal data, which are obtained for administrative purposes only, will be kept for a maximum of&nbsp;2 month&nbsp;after completion of the research;</li>➘	<li>Supervisory authorities may inspect my personal and research data for the purpose of auditing the research</li>➘</ul>➘&nbsp;",,,,,,"<strong>Toestemmingsformulier voor deelname aan wetenschappelijk onderzoek</strong><br><br> <strong>Ik bevestig hierbij dat:</strong><ul><li> Ik heb de schriftelijke informatie gelezen;<br></li><li> Ik heb de gelegenheid gekregen om vragen te stellen over het onderzoek [matteo.perini@ru.nl];</li><li> Mijn eventuele vragen zijn naar tevredenheid beantwoord;</li><li> Ik heb ruimschoots de gelegenheid gehad om zorgvuldig na te denken over deelname aan het onderzoek;</li><li> Ik neem geheel vrijwillig deel aan het onderzoek.</li></ul><br> <strong>Ik begrijp dat:</strong><ul><li> Ik heb het recht om mijn toestemming voor deelname op elk moment tijdens het onderzoek in te trekken, zonder dat ik daarvoor een reden hoef op te geven en zonder angst voor nadelige gevolgen;</li><li> Mijn persoonsgegevens worden verwerkt overeenkomstig de geldende Europese privacyregelgeving;</li><li> Mijn persoonsgegevens worden verwerkt conform de privacyverklaring van de Radboud Universiteit (https://www.ru.nl/english/vaste-onderdelen/privacy-statement-radboud-university/). De gebruikte tests en vragenlijsten zijn geen medisch-klinische tests. Omdat de gegevens anoniem worden verzameld, kunnen de onderzoekers mij geen scores verstrekken die mogelijk van persoonlijk klinisch belang zijn.</li></ul><br> <strong>Ik ben het ermee eens dat:</strong><ul><li> Mijn onderzoeksgegevens binnen dit onderzoek worden verkregen voor wetenschappelijke doeleinden en blijven gedurende 10 jaar beschikbaar voor verificatie, hergebruik en replicatie;</li><li> Het ondertekende toestemmingsformulier met mijn persoonsgegevens bewaren wij 10 jaar;</li><li> Mijn persoonsgegevens, die uitsluitend voor administratieve doeleinden worden verkregen, worden maximaal 2 maanden na afronding van het onderzoek bewaard;</li><li> Toezichthoudende autoriteiten kunnen mijn persoons- en onderzoeksgegevens inzien ten behoeve van de controle op het onderzoek.</li></ul>"
QID3_Choice1,"Yes, I have read the provided information and I agree to participate in this study and to the use of my data for the research purposes as described in the provided information",,,,,,"Ja, ik heb de verstrekte informatie gelezen en ik ga akkoord met deelname aan dit onderzoek en met het gebruik van mijn gegevens voor de onderzoeksdoeleinden zoals beschreven in de verstrekte informatie."
QID3_Choice2,"No, I do not want to participate in this study",,,,,,"Nee, ik wil niet deelnemen aan dit onderzoek"
QID131_QuestionText,"<div style=""text-align: center;"">In this task, you will be presented with <strong>pictures of second-hand items</strong> and asked to rate them on various characteristics.<br />➘<br />➘Please take at least a couple of seconds to observe each picture before providing your responses.&nbsp;</div>",,,,,,"<div style=""text-align: center;"">In deze taak krijg je <strong>afbeeldingen van tweedehands voorwerpen</strong> te zien en wordt je gevraagd om ze op verschillende kenmerken te beoordelen.<br />➘<br />➘Neem alsjeblieft minstens een paar seconden de tijd om elke afbeelding te bekijken voordat je je antwoorden geeft. </div>➘"
QID44_QuestionText,"<img height=""500"" src=""https://psychru.qualtrics.com/CP/Graphic.php?IM=IM_JSchokoffEnfl20"" style=""width: 378px; height: 500px;"" width=""378"" />",,,,,,
QID46_QuestionText,"<img height=""500"" src=""https://psychru.qualtrics.com/CP/Graphic.php?IM=IM_bkZ2EVx5ce59IW5"" style=""width: 505px; height: 500px;"" width=""505"" />",,,,,,
QID47_QuestionText,"<img height=""500"" src=""https://psychru.qualtrics.com/CP/Graphic.php?IM=IM_kXDvL3rBJJeX8Wl"" style=""width: 490px; height: 500px;"" width=""490"" />",,,,,,
QID51_QuestionText,"<img height=""500"" src=""https://psychru.qualtrics.com/CP/Graphic.php?IM=IM_Kwsrvc8YuRc92wd"" style=""width: 385px; height: 500px;"" width=""385"" />",,,,,,
QID50_QuestionText,"<img height=""500"" src=""https://psychru.qualtrics.com/CP/Graphic.php?IM=IM_n5PFHWh2x4gmvpK"" style=""width: 473px; height: 500px;"" width=""473"" />",,,,,,
QID49_QuestionText,"<img height=""500"" src=""https://psychru.qualtrics.com/CP/Graphic.php?IM=IM_AMZkQQrXTGWwqKz"" style=""width: 508px; height: 500px;"" width=""508"" />",,,,,,
QID26_QuestionText,"<p>The&nbsp;<strong>t-shirt</strong>&nbsp;in the picture is <strong>second-hand</strong>.</p>➘➘<p>&nbsp;</p>➘➘<p>Please, rate the product in the picture on the following dimensions, from 0 (not at all) to 100 (extremely).&nbsp;</p>➘➘<ul>➘</ul>",,,,,,
QID26_Choice1,Appealing,,,,,,
QID26_Choice3,Clean/hygienic,,,,,,
QID26_Choice4,"I would feel comfortable wearing it, even knowing someone else has worn it",,,,,,
QID26_Choice5,"I would like to have it, even knowing someone else has worn it",,,,,,
QID28_QuestionText,"<p>What is the <b>highest price </b>you would be willing to pay for the <strong>second-hand t-shirt, as a percentage of its original price </strong>when it was new?</p>➘➘<p>&nbsp;</p>➘➘<p>Use the slider to indicate your response, where:</p>➘➘<ul>➘	<li><b>0</b> means you wouldn&rsquo;t buy the second-hand product at any price.</li>➘	<li><b>100</b> means you would pay as much for the second-hand product as for the new product.&nbsp;</li>➘</ul>",,,,,,
QID28_Choice1,Percentage price (%),,,,,,
QID45_QuestionText,"<img height=""500"" src=""https://psychru.qualtrics.com/CP/Graphic.php?IM=IM_Ua0gJ9cWE8F37Fq"" style=""width: 391px; height: 500px;"" width=""391"" />",,,,,,
QID57_QuestionText,"<img height=""500"" src=""https://psychru.qualtrics.com/CP/Graphic.php?IM=IM_KBOE0I1DF2ltqf3"" style=""width: 455px; height: 500px;"" width=""455"" />",,,,,,
QID56_QuestionText,"<img height=""500"" src=""https://psychru.qualtrics.com/CP/Graphic.php?IM=IM_ieo3eSKrdqhqmn7"" style=""width: 527px; height: 500px;"" width=""527"" />",,,,,,
QID55_QuestionText,"<img height=""500"" src=""https://psychru.qualtrics.com/CP/Graphic.php?IM=IM_Vo1WXKD9tGoqqFm"" style=""width: 501px; height: 500px;"" width=""501"" />",,,,,,
QID54_QuestionText,"<img height=""500"" src=""https://psychru.qualtrics.com/CP/Graphic.php?IM=IM_76xkzQK9pgNN7xc"" style=""width: 667px; height: 500px;"" width=""667"" />",,,,,,
QID53_QuestionText,"<img height=""500"" src=""https://psychru.qualtrics.com/CP/Graphic.php?IM=IM_atb7PdhvWGLSZQx"" style=""width: 501px; height: 500px;"" width=""501"" />",,,,,,
QID29_QuestionText,"<p>The&nbsp;<strong>hat</strong>&nbsp;in the picture is <strong>second-hand</strong>.</p>➘➘<p>&nbsp;</p>➘➘<p>Please, rate the product in the picture on the following dimensions, from 0 (not at all) to 100 (extremely).&nbsp;</p>➘➘<ul>➘</ul>",,,,,,
QID29_Choice1,Appealing,,,,,,
QID29_Choice3,Clean/hygienic,,,,,,
QID29_Choice4,"I would feel comfortable wearing it, even knowing someone else has worn it",,,,,,
QID29_Choice5,"I would like to have it, even knowing someone else has worn it",,,,,,
QID30_QuestionText,"<p>What is the <b>highest price </b>you would be willing to pay for the <strong>second-hand hat, as a percentage of its original price </strong>when it was new?</p>➘➘<p>&nbsp;</p>➘➘<p>Use the slider to indicate your response, where:</p>➘➘<ul>➘	<li><b>0</b> means you wouldn&rsquo;t buy the second-hand product at any price.</li>➘	<li><b>100</b> means you would pay as much for the second-hand product as for the new product.&nbsp;</li>➘</ul>",,,,,,
QID30_Choice1,Percentage price (%),,,,,,
QID58_QuestionText,"<img height=""500"" src=""https://psychru.qualtrics.com/CP/Graphic.php?IM=IM_ANT9aaq1cmcW6R7"" style=""width: 419px; height: 500px;"" width=""419"" />",,,,,,
QID130_QuestionText,"<img height=""500"" src=""https://psychru.qualtrics.com/CP/Graphic.php?IM=IM_yQonckqJWX3p52t"" style=""width: 382px; height: 500px;"" width=""382"" />",,,,,,
QID60_QuestionText,"<img height=""500"" src=""https://psychru.qualtrics.com/CP/Graphic.php?IM=IM_1lWROpLtUifF6H9"" style=""height: 500px; width: 500px;"" width=""500"" />",,,,,,
QID61_QuestionText,"<img height=""500"" src=""https://psychru.qualtrics.com/CP/Graphic.php?IM=IM_seBqTkZW9SNbEbX"" style=""width: 505px; height: 500px;"" width=""505"" />",,,,,,
QID62_QuestionText,"<img height=""500"" src=""https://psychru.qualtrics.com/CP/Graphic.php?IM=IM_FMKaCVx2d3WstEf"" style=""width: 414px; height: 500px;"" width=""414"" />",,,,,,
QID63_QuestionText,"<img height=""500"" src=""https://psychru.qualtrics.com/CP/Graphic.php?IM=IM_yT6GiKDi2z1G0te"" style=""width: 408px; height: 500px;"" width=""408"" />",,,,,,
QID64_QuestionText,"<p>The&nbsp;<strong>socks</strong>&nbsp;in the picture are&nbsp;<strong>second-hand</strong>.</p>➘➘<p>&nbsp;</p>➘➘<p>Please, rate the product in the picture on the following dimensions, from 0 (not at all) to 100 (extremely).&nbsp;</p>➘➘<ul>➘</ul>",,,,,,
QID64_Choice1,Appealing,,,,,,
QID64_Choice3,Clean/hygienic,,,,,,
QID64_Choice4,"I would feel comfortable wearing it, even knowing someone else has worn it",,,,,,
QID64_Choice5,"I would like to have it, even knowing someone else has worn it",,,,,,
QID65_QuestionText,"<p>What is the <b>highest price </b>you would be willing to pay for the <strong>second-hand socks, as a percentage of their original price </strong>when they were new?</p>➘➘<p>&nbsp;</p>➘➘<p>Use the slider to indicate your response, where:</p>➘➘<ul>➘	<li><b>0</b> means you wouldn&rsquo;t buy the second-hand product at any price.</li>➘	<li><b>100</b> means you would pay as much for the second-hand product as for the new product.&nbsp;</li>➘</ul>",,,,,,
QID65_Choice1,Percentage price (%),,,,,,
QID122_QuestionText,"<img height=""500"" src=""https://psychru.qualtrics.com/CP/Graphic.php?IM=IM_yUwaKjSCU0VJ63p"" style=""width: 680px; height: 500px;"" width=""680"" />",,,,,,
QID123_QuestionText,"<img height=""500"" src=""https://psychru.qualtrics.com/CP/Graphic.php?IM=IM_oIbZ7vv5znjAMn0"" style=""width: 610px; height: 500px;"" width=""610"" />",,,,,,
QID124_QuestionText,"<img height=""500"" src=""https://psychru.qualtrics.com/CP/Graphic.php?IM=IM_x3GaYryRIVhMxsF"" style=""width: 748px; height: 500px;"" width=""748"" />",,,,,,
QID125_QuestionText,"<img height=""500"" src=""https://psychru.qualtrics.com/CP/Graphic.php?IM=IM_axkundvmBn6IU7f"" style=""width: 547px; height: 500px;"" width=""547"" />",,,,,,
QID126_QuestionText,"<img height=""500"" src=""https://psychru.qualtrics.com/CP/Graphic.php?IM=IM_nV1bIrt5O7yxfVT"" style=""width: 424px; height: 500px;"" width=""424"" />&nbsp;",,,,,,
QID127_QuestionText,"<img height=""500"" src=""https://psychru.qualtrics.com/CP/Graphic.php?IM=IM_Jqb8L4CdtqasSoP"" style=""width: 500px; height: 500px;"" width=""500"" />",,,,,,
QID128_QuestionText,"<p>The&nbsp;<strong>shoes</strong>&nbsp;in the picture are&nbsp;<strong>second-hand</strong>.</p>➘➘<p>&nbsp;</p>➘➘<p>Please, rate the product in the picture on the following dimensions, from 0 (not at all) to 100 (extremely).&nbsp;</p>➘➘<ul>➘</ul>",,,,,,
QID128_Choice1,Appealing,,,,,,
QID128_Choice3,Clean/hygienic,,,,,,
QID128_Choice4,"I would feel comfortable wearing it, even knowing someone else has worn it",,,,,,
QID128_Choice5,"I would like to have it, even knowing someone else has worn it",,,,,,
QID129_QuestionText,"<p>What is the <b>highest price </b>you would be willing to pay for the <strong>second-hand shoes, as a percentage of their original price </strong>when they were new?</p>➘➘<p>&nbsp;</p>➘➘<p>Use the slider to indicate your response, where:</p>➘➘<ul>➘	<li><b>0</b> means you wouldn&rsquo;t buy the second-hand product at any price.</li>➘	<li><b>100</b> means you would pay as much for the second-hand product as for the new product.&nbsp;</li>➘</ul>",,,,,,
QID129_Choice1,Percentage price (%),,,,,,
QID106_QuestionText,"<img height=""500"" src=""https://psychru.qualtrics.com/CP/Graphic.php?IM=IM_87CvHNUqrAEjq8W"" style=""width: 399px; height: 500px;"" width=""399"" />",,,,,,
QID107_QuestionText,"<img height=""500"" src=""https://psychru.qualtrics.com/CP/Graphic.php?IM=IM_NW1przxCgv1XWJx"" style=""width: 410px; height: 500px;"" width=""410"" />",,,,,,
QID108_QuestionText,"<img height=""500"" src=""https://psychru.qualtrics.com/CP/Graphic.php?IM=IM_Ybp5Paj2PFMHJud"" style=""width: 375px; height: 500px;"" width=""375"" />",,,,,,
QID109_QuestionText,"<img height=""500"" src=""https://psychru.qualtrics.com/CP/Graphic.php?IM=IM_a3jmMrBP9umFZfc"" style=""width: 442px; height: 500px;"" width=""442"" />",,,,,,
QID110_QuestionText,"<img height=""500"" src=""https://psychru.qualtrics.com/CP/Graphic.php?IM=IM_IqEpn11a0rNKolv"" style=""width: 493px; height: 500px;"" width=""493"" />",,,,,,
QID111_QuestionText,"<img height=""500"" src=""https://psychru.qualtrics.com/CP/Graphic.php?IM=IM_E22d8QRqKFmM6wy"" style=""width: 364px; height: 500px;"" width=""364"" />",,,,,,
QID112_QuestionText,"<p>The&nbsp;<strong>pants</strong>&nbsp;in the picture are&nbsp;<strong>second-hand</strong>.</p>➘➘<p>&nbsp;</p>➘➘<p>Please, rate the product in the picture on the following dimensions, from 0 (not at all) to 100 (extremely).&nbsp;</p>➘➘<ul>➘</ul>",,,,,,
QID112_Choice1,Appealing,,,,,,
QID112_Choice3,Clean/hygienic,,,,,,
QID112_Choice4,"I would feel comfortable wearing it, even knowing someone else has worn it",,,,,,
QID112_Choice5,"I would like to have it, even knowing someone else has worn it",,,,,,
QID113_QuestionText,"<p>What is the <b>highest price </b>you would be willing to pay for the <strong>second-hand pants, as a percentage of their original price </strong>when they were new?</p>➘➘<p>&nbsp;</p>➘➘<p>Use the slider to indicate your response, where:</p>➘➘<ul>➘	<li><b>0</b> means you wouldn&rsquo;t buy the second-hand product at any price.</li>➘	<li><b>100</b> means you would pay as much for the second-hand product as for the new product.&nbsp;</li>➘</ul>",,,,,,
QID113_Choice1,Percentage price (%),,,,,,
QID82_QuestionText,"<img height=""500"" src=""https://psychru.qualtrics.com/CP/Graphic.php?IM=IM_OOwmtGtrbGZryZH"" style=""height: 500px; width: 500px;"" width=""500"" />",,,,,,
QID83_QuestionText,"<img height=""500"" src=""https://psychru.qualtrics.com/CP/Graphic.php?IM=IM_nE1fv2I0S9Pu2KC"" style=""width: 406px; height: 500px;"" width=""406"" />",,,,,,
QID84_QuestionText,"<img height=""500"" src=""https://psychru.qualtrics.com/CP/Graphic.php?IM=IM_bLfLqBu01tqs572"" style=""width: 500px; height: 500px;"" width=""500"" />",,,,,,
QID85_QuestionText,"<img height=""500"" src=""https://psychru.qualtrics.com/CP/Graphic.php?IM=IM_YdRxybYrcCntEMg"" style=""width: 518px; height: 500px;"" width=""518"" />",,,,,,
QID86_QuestionText,"<img height=""500"" src=""https://psychru.qualtrics.com/CP/Graphic.php?IM=IM_2BIPetrFL4d9o0J"" style=""width: 450px; height: 500px;"" width=""450"" />",,,,,,
QID87_QuestionText,"<img height=""500"" src=""https://psychru.qualtrics.com/CP/Graphic.php?IM=IM_8ZCShu4NVEFWVmE"" style=""width: 500px; height: 500px;"" width=""500"" />",,,,,,
QID88_QuestionText,"<p>The&nbsp;<strong>backpack</strong>&nbsp;in the picture is&nbsp;<strong>second-hand</strong>.</p>➘➘<p>&nbsp;</p>➘➘<p>Please, rate the product in the picture on the following dimensions, from 0 (not at all) to 100 (extremely).&nbsp;</p>➘➘<ul>➘</ul>",,,,,,
QID88_Choice1,Appealing,,,,,,
QID88_Choice3,Clean/hygienic,,,,,,
QID88_Choice4,"I would feel comfortable wearing it, even knowing someone else has worn it",,,,,,
QID88_Choice5,"I would like to have it, even knowing someone else has worn it",,,,,,
QID89_QuestionText,"<p>What is the <b>highest price </b>you would be willing to pay for the <strong>second-hand backpack, as a percentage of its original price </strong>when it was new?</p>➘➘<p>&nbsp;</p>➘➘<p>Use the slider to indicate your response, where:</p>➘➘<ul>➘	<li><b>0</b> means you wouldn&rsquo;t buy the second-hand product at any price.</li>➘	<li><b>100</b> means you would pay as much for the second-hand product as for the new product.&nbsp;</li>➘</ul>",,,,,,
QID89_Choice1,Percentage price (%),,,,,,
QID114_QuestionText,"<img height=""500"" src=""https://psychru.qualtrics.com/CP/Graphic.php?IM=IM_t03gyUXVmTQ3feD"" style=""width: 515px; height: 500px;"" width=""515"" />",,,,,,
QID115_QuestionText,"<img height=""500"" src=""https://psychru.qualtrics.com/CP/Graphic.php?IM=IM_VL668Ptv5OoHgCL"" style=""width: 468px; height: 500px;"" width=""468"" />",,,,,,
QID116_QuestionText,"<img height=""500"" src=""https://psychru.qualtrics.com/CP/Graphic.php?IM=IM_wWob1o9hXSWTnCi"" style=""width: 365px; height: 500px;"" width=""365"" />",,,,,,
QID117_QuestionText,"<img height=""500"" src=""https://psychru.qualtrics.com/CP/Graphic.php?IM=IM_cykrOvRpDJCZtHa"" style=""width: 457px; height: 500px;"" width=""457"" />",,,,,,
QID118_QuestionText,"<img height=""500"" src=""https://psychru.qualtrics.com/CP/Graphic.php?IM=IM_ZKSzDagO3aNSRBg"" style=""width: 375px; height: 500px;"" width=""375"" />",,,,,,
QID119_QuestionText,"<img height=""500"" src=""https://psychru.qualtrics.com/CP/Graphic.php?IM=IM_CuYMm3eqokN1xUq"" style=""width: 500px; height: 500px;"" width=""500"" />",,,,,,
QID120_QuestionText,"<p>The&nbsp;<strong>sweater</strong>&nbsp;in the picture is&nbsp;<strong>second-hand</strong>.</p>➘➘<p>&nbsp;</p>➘➘<p>Please, rate the product in the picture on the following dimensions, from 0 (not at all) to 100 (extremely).&nbsp;</p>➘➘<ul>➘</ul>",,,,,,
QID120_Choice1,Appealing,,,,,,
QID120_Choice3,Clean/hygienic,,,,,,
QID120_Choice4,"I would feel comfortable wearing it, even knowing someone else has worn it",,,,,,
QID120_Choice5,"I would like to have it, even knowing someone else has worn it",,,,,,
QID121_QuestionText,"<p>What is the <b>highest price </b>you would be willing to pay for the <strong>second-hand sweater, as a percentage of its original price </strong>when it was new?</p>➘➘<p>&nbsp;</p>➘➘<p>Use the slider to indicate your response, where:</p>➘➘<ul>➘	<li><b>0</b> means you wouldn’t buy the second-hand product at any price.</li>➘	<li><b>100</b> means you would pay as much for the second-hand product as for the new product.&nbsp;</li>➘</ul>",,,,,,
QID121_Choice1,Percentage price (%),,,,,,
QID90_QuestionText,"<img height=""500"" src=""https://psychru.qualtrics.com/CP/Graphic.php?IM=IM_zmx5Q9UqXgW2EUN"" style=""width: 859px; height: 500px;"" width=""859"" />",,,,,,
QID91_QuestionText,"<img height=""500"" src=""https://psychru.qualtrics.com/CP/Graphic.php?IM=IM_9trXjGX1kONs3Yi"" style=""width: 828px; height: 500px;"" width=""828"" />",,,,,,
QID92_QuestionText,"<img height=""500"" src=""https://psychru.qualtrics.com/CP/Graphic.php?IM=IM_EesCByCy3ui0wTf"" style=""width: 926px; height: 500px;"" width=""926"" />",,,,,,
QID93_QuestionText,"<img height=""500"" src=""https://psychru.qualtrics.com/CP/Graphic.php?IM=IM_htKLFLVHixvAGtm"" style=""width: 845px; height: 500px;"" width=""845"" />",,,,,,
QID94_QuestionText,"<img height=""500"" src=""https://psychru.qualtrics.com/CP/Graphic.php?IM=IM_1vIbxMMFwtwq3wX"" style=""width: 827px; height: 500px;"" width=""827"" />",,,,,,
QID95_QuestionText,"<img height=""500"" src=""https://psychru.qualtrics.com/CP/Graphic.php?IM=IM_Gj2sd6uWozymYn8"" style=""width: 820px; height: 500px;"" width=""820"" />",,,,,,
QID96_QuestionText,"<p>The&nbsp;<strong>blazer</strong>&nbsp;in the picture is&nbsp;<strong>second-hand</strong>.</p>➘➘<p>&nbsp;</p>➘➘<p>Please, rate the product in the picture on the following dimensions, from 0 (not at all) to 100 (extremely).&nbsp;</p>➘➘<ul>➘</ul>",,,,,,
QID96_Choice1,Appealing,,,,,,
QID96_Choice3,Clean/hygienic,,,,,,
QID96_Choice4,"I would feel comfortable wearing it, even knowing someone else has worn it",,,,,,
QID96_Choice5,"I would like to have it, even knowing someone else has worn it",,,,,,
QID97_QuestionText,"<p>What is the <b>highest price </b>you would be willing to pay for the <strong>second-hand blazer, as a percentage of its original price </strong>when it was new?</p>➘➘<p>&nbsp;</p>➘➘<p>Use the slider to indicate your response, where:</p>➘➘<ul>➘	<li><b>0</b> means you wouldn&rsquo;t buy the second-hand product at any price.</li>➘	<li><b>100</b> means you would pay as much for the second-hand product as for the new product.&nbsp;</li>➘</ul>",,,,,,
QID97_Choice1,Percentage price (%),,,,,,
QID98_QuestionText,"<img height=""500"" src=""https://psychru.qualtrics.com/CP/Graphic.php?IM=IM_TFX7RUZxl5tYLWg"" style=""width: 445px; height: 500px;"" width=""445"" />",,,,,,
QID99_QuestionText,"<img height=""500"" src=""https://psychru.qualtrics.com/CP/Graphic.php?IM=IM_E0kghghznSKdkCe"" style=""width: 503px; height: 500px;"" width=""503"" />",,,,,,
QID100_QuestionText,"<img height=""500"" src=""https://psychru.qualtrics.com/CP/Graphic.php?IM=IM_ViXXy1kr4kDzR30"" style=""width: 506px; height: 500px;"" width=""506"" />",,,,,,
QID101_QuestionText,"<img height=""500"" src=""https://psychru.qualtrics.com/CP/Graphic.php?IM=IM_DfVpcdg3ijQGTrK"" style=""width: 401px; height: 500px;"" width=""401"" />",,,,,,
QID102_QuestionText,"<img height=""500"" src=""https://psychru.qualtrics.com/CP/Graphic.php?IM=IM_xcuQD8VnAMFHSnx"" style=""width: 457px; height: 500px;"" width=""457"" />",,,,,,
QID103_QuestionText,"<img height=""500"" src=""https://psychru.qualtrics.com/CP/Graphic.php?IM=IM_4fDdybLEAwpDIKY"" style=""width: 502px; height: 500px;"" width=""502"" />",,,,,,
QID104_QuestionText,"<p>The&nbsp;<strong>coat</strong>&nbsp;in the picture is&nbsp;<strong>second-hand</strong>.</p>➘➘<p>&nbsp;</p>➘➘<p>Please, rate the product in the picture on the following dimensions, from 0 (not at all) to 100 (extremely).&nbsp;</p>➘➘<ul>➘</ul>",,,,,,
QID104_Choice1,Appealing,,,,,,
QID104_Choice3,Clean/hygienic,,,,,,
QID104_Choice4,"I would feel comfortable wearing it, even knowing someone else has worn it",,,,,,
QID104_Choice5,"I would like to have it, even knowing someone else has worn it",,,,,,
QID105_QuestionText,"<p>What is the <b>highest price </b>you would be willing to pay for the <strong>second-hand coat, as a percentage of its original price </strong>when it was new?</p>➘➘<p>&nbsp;</p>➘➘<p>Use the slider to indicate your response, where:</p>➘➘<ul>➘	<li><b>0</b> means you wouldn&rsquo;t buy the second-hand product at any price.</li>➘	<li><b>100</b> means you would pay as much for the second-hand product as for the new product.&nbsp;</li>➘</ul>",,,,,,
QID105_Choice1,Percentage price (%),,,,,,
QID183_QuestionText,The following questions assess your <strong>feelings about germs</strong>. Please indicate how much you agree with each statement.,,,,,,De volgende vragen gaan over je <strong>gevoelens over ziekteverwekkers</strong>. Geef alsjeblieft aan in hoeverre je het eens bent met elke uitspraak.
QID184_QuestionText,It really bothers me when people sneeze without covering their mouths.,,,,,,
QID184_Choice1,Strongly disagree,,,,,,
QID184_Choice2,Disagree,,,,,,
QID184_Choice3,Somewhat disagree,,,,,,
QID184_Choice4,Neither agree nor disagree,,,,,,
QID184_Choice5,Somewhat agree,,,,,,
QID184_Choice6,Agree,,,,,,
QID184_Choice7,Strongly agree,,,,,,
QID185_QuestionText,I am comfortable sharing a water bottle with a friend.,,,,,,
QID185_Choice1,Strongly disagree,,,,,,
QID185_Choice2,Disagree,,,,,,
QID185_Choice3,Somewhat disagree,,,,,,
QID185_Choice4,Neither agree nor disagree,,,,,,
QID185_Choice5,Somewhat agree,,,,,,
QID185_Choice6,Agree,,,,,,
QID185_Choice7,Strongly agree,,,,,,
QID186_QuestionText,I do not like to write with a pencil someone else has obviously chewed on.,,,,,,
QID186_Choice1,Strongly disagree,,,,,,
QID186_Choice2,Disagree,,,,,,
QID186_Choice3,Somewhat disagree,,,,,,
QID186_Choice4,Neither agree nor disagree,,,,,,
QID186_Choice5,Somewhat agree,,,,,,
QID186_Choice6,Agree,,,,,,
QID186_Choice7,Strongly agree,,,,,,
QID187_QuestionText,I prefer to wash my hands pretty soon after shaking someone's hand.,,,,,,
QID187_Choice1,Strongly disagree,,,,,,
QID187_Choice2,Disagree,,,,,,
QID187_Choice3,Somewhat disagree,,,,,,
QID187_Choice4,Neither agree nor disagree,,,,,,
QID187_Choice5,Somewhat agree,,,,,,
QID187_Choice6,Agree,,,,,,
QID187_Choice7,Strongly agree,,,,,,
QID188_QuestionText,I dislike wearing used clothes because you do not know what the last person who wore it was like.,,,,,,
QID188_Choice1,Strongly disagree,,,,,,
QID188_Choice2,Disagree,,,,,,
QID188_Choice3,Somewhat disagree,,,,,,
QID188_Choice4,Neither agree nor disagree,,,,,,
QID188_Choice5,Somewhat agree,,,,,,
QID188_Choice6,Agree,,,,,,
QID188_Choice7,Strongly agree,,,,,,
QID189_QuestionText,My hands do not feel dirty after touching money.,,,,,,
QID189_Choice1,Strongly disagree,,,,,,
QID189_Choice2,Disagree,,,,,,
QID189_Choice3,Somewhat disagree,,,,,,
QID189_Choice4,Neither agree nor disagree,,,,,,
QID189_Choice5,Somewhat agree,,,,,,
QID189_Choice6,Agree,,,,,,
QID189_Choice7,Strongly agree,,,,,,
QID190_QuestionText,It does not make me anxious to be around sick people.,,,,,,
QID190_Choice1,Strongly disagree,,,,,,
QID190_Choice2,Disagree,,,,,,
QID190_Choice3,Somewhat disagree,,,,,,
QID190_Choice4,Neither agree nor disagree,,,,,,
QID190_Choice5,Somewhat agree,,,,,,
QID190_Choice6,Agree,,,,,,
QID190_Choice7,Strongly agree,,,,,,
QID191_QuestionText,I avoid using public telephones because of the risk that I may catch something from the previous user.,,,,,,
QID191_Choice1,Strongly disagree,,,,,,
QID191_Choice2,Disagree,,,,,,
QID191_Choice3,Somewhat disagree,,,,,,
QID191_Choice4,Neither agree nor disagree,,,,,,
QID191_Choice5,Somewhat agree,,,,,,
QID191_Choice6,Agree,,,,,,
QID191_Choice7,Strongly agree,,,,,,
QID11_QuestionText,The following questions assess your <strong>susceptibility to illness</strong>. Please indicate how much you agree with each statement.,,,,,,De volgende vragen gaan over je <strong>vatbaarheid voor ziekten</strong>. Geef alsjeblieft aan in hoeverre je het eens bent met elke uitspraak.
QID20_QuestionText,"If an illness is “going around”, I will get it. ",,,,,,
QID20_Choice1,Strongly disagree,,,,,,
QID20_Choice2,Disagree,,,,,,
QID20_Choice3,Somewhat disagree,,,,,,
QID20_Choice4,Neither agree nor disagree,,,,,,
QID20_Choice5,Somewhat agree,,,,,,
QID20_Choice6,Agree,,,,,,
QID20_Choice7,Strongly agree,,,,,,
QID21_QuestionText,My past experiences make me believe I am not likely to get sick even when my friends are sick.&nbsp;,,,,,,
QID21_Choice1,Strongly disagree,,,,,,
QID21_Choice2,Disagree,,,,,,
QID21_Choice3,Somewhat disagree,,,,,,
QID21_Choice4,Neither agree nor disagree,,,,,,
QID21_Choice5,Somewhat agree,,,,,,
QID21_Choice6,Agree,,,,,,
QID21_Choice7,Strongly agree,,,,,,
QID178_QuestionText,I have a history of susceptibility to infectious disease.,,,,,,
QID178_Choice1,Strongly disagree,,,,,,
QID178_Choice2,Disagree,,,,,,
QID178_Choice3,Somewhat disagree,,,,,,
QID178_Choice4,Neither agree nor disagree,,,,,,
QID178_Choice5,Somewhat agree,,,,,,
QID178_Choice6,Agree,,,,,,
QID178_Choice7,Strongly agree,,,,,,
QID179_QuestionText,"In general, I am very susceptible to colds, flu and other infectious diseases.",,,,,,
QID179_Choice1,Strongly disagree,,,,,,
QID179_Choice2,Disagree,,,,,,
QID179_Choice3,Somewhat disagree,,,,,,
QID179_Choice4,Neither agree nor disagree,,,,,,
QID179_Choice5,Somewhat agree,,,,,,
QID179_Choice6,Agree,,,,,,
QID179_Choice7,Strongly agree,,,,,,
QID180_QuestionText,I am more likely than the people around me to catch an infectious disease.,,,,,,
QID180_Choice1,Strongly disagree,,,,,,
QID180_Choice2,Disagree,,,,,,
QID180_Choice3,Somewhat disagree,,,,,,
QID180_Choice4,Neither agree nor disagree,,,,,,
QID180_Choice5,Somewhat agree,,,,,,
QID180_Choice6,Agree,,,,,,
QID180_Choice7,Strongly agree,,,,,,
QID182_QuestionText,"I am unlikely to catch a cold, flu or other illness, even if it is “going around”.",,,,,,
QID182_Choice1,Strongly disagree,,,,,,
QID182_Choice2,Disagree,,,,,,
QID182_Choice3,Somewhat disagree,,,,,,
QID182_Choice4,Neither agree nor disagree,,,,,,
QID182_Choice5,Somewhat agree,,,,,,
QID182_Choice6,Agree,,,,,,
QID182_Choice7,Strongly agree,,,,,,
QID181_QuestionText,My immune system protects me from most illnesses that other people get.,,,,,,
QID181_Choice1,Strongly disagree,,,,,,
QID181_Choice2,Disagree,,,,,,
QID181_Choice3,Somewhat disagree,,,,,,
QID181_Choice4,Neither agree nor disagree,,,,,,
QID181_Choice5,Somewhat agree,,,,,,
QID181_Choice6,Agree,,,,,,
QID181_Choice7,Strongly agree,,,,,,
QID299_QuestionText,"In the following task, you will be asked to <strong>evaluate and order groups of images </strong>based on your perception of how disgusting they appear.",,,,,,In de volgende taak word je gevraagd om <strong>groepen afbeeldingen te beoordelen en te rangschikken</strong> op basis van hoe walgelijk je ze vindt.
QID304_QuestionText,"Please,&nbsp;<strong>order the three pictures below</strong>&nbsp;as from the <span style=""color:#c0392b;""><strong>most disgusting</strong></span> (above) to the <span style=""color:#16a085;""><strong>least disgusting</strong></span> (below).<br>➘<br>➘<strong>Drag-and-drop the pictures</strong>&nbsp;in the order you find most appropriate.&nbsp;<br>➘<br>➘Add <strong>at least one picture</strong> in each block.<br>➘<br>➘Please note that you will repeat this task&nbsp;<strong>four times</strong>, with a different set of pictures each time.",,,,,,"Gelieve de <strong>drie onderstaande afbeeldingen te rangschikken</strong> van <span style=""color:#c0392b;""><strong>meest walgelijk</strong></span> (bovenaan) naar <span style=""color:#16a085;""><strong>minst walgelijk</strong></span> (onderaan).<br />➘<br />➘<strong>Sleep de afbeeldingen</strong> in de volgorde die jij het meest passend vindt.<br />➘<br />➘Voeg <strong>minstens één afbeelding</strong> toe aan elk blok.<br />➘<br />➘Let op: je zult deze taak <strong>vier keer</strong> herhalen, telkens met een andere set afbeeldingen."
QID337_QuestionText,<strong>Drag-and-drop the pictures</strong>&nbsp;in the order you find most appropriate.&nbsp;<br>,,,,,,<strong>Sleep de afbeeldingen</strong> in de volgorde die jij het meest passend vindt. 
QID337_Choice1,,,,,,,
QID337_Choice2,,,,,,,
QID337_Choice3,,,,,,,
QID337_Choice7,,,,,,,
QID337_Choice8,,,,,,,
QID337_Choice9,,,,,,,
QID337_Group0,Most disgusting,,,,,,
QID337_Group1,Least disgusting,,,,,,
QID338_QuestionText,<strong>Drag-and-drop the pictures</strong>&nbsp;in the order you find most appropriate.&nbsp;<br>,,,,,,<strong>Sleep de afbeeldingen</strong> in de volgorde die jij het meest passend vindt. 
QID338_Choice1,,,,,,,
QID338_Choice2,,,,,,,
QID338_Choice3,,,,,,,
QID338_Choice7,,,,,,,
QID338_Choice8,,,,,,,
QID338_Choice9,,,,,,,
QID338_Group0,Most disgusting,,,,,,<p>Meest walgelijk</p>➘
QID338_Group1,Least disgusting,,,,,,<p>Minst walgelijk</p>➘
QID339_QuestionText,<strong>Drag-and-drop the pictures</strong>&nbsp;in the order you find most appropriate.&nbsp;<br>,,,,,,<strong>Sleep de afbeeldingen</strong> in de volgorde die jij het meest passend vindt. 
QID339_Choice1,,,,,,,
QID339_Choice2,,,,,,,
QID339_Choice3,,,,,,,
QID339_Choice7,,,,,,,
QID339_Choice8,,,,,,,
QID339_Choice9,,,,,,,
QID339_Group0,Most disgusting,,,,,,<p>Meest walgelijk</p>➘
QID339_Group1,Least disgusting,,,,,,<p>Minst walgelijk</p>➘
QID340_QuestionText,<strong>Drag-and-drop the pictures</strong>&nbsp;in the order you find most appropriate.&nbsp;<br>,,,,,,<strong>Sleep de afbeeldingen</strong> in de volgorde die jij het meest passend vindt. 
QID340_Choice1,,,,,,,
QID340_Choice2,,,,,,,
QID340_Choice3,,,,,,,
QID340_Choice7,,,,,,,
QID340_Choice8,,,,,,,
QID340_Choice9,,,,,,,
QID340_Group0,Most disgusting,,,,,,<p>Meest walgelijk</p>➘
QID340_Group1,Least disgusting,,,,,,<p>Minst walgelijk</p>➘
QID202_QuestionText,"For the next task, you’ll <strong>need to have your laundry detergent nearby</strong> and ready to engage with.<br>➘<br>➘This is essential for completing the upcoming questions accurately and meaningfully.<br>➘<br>➘Please ensure you keep it close by, as it will also be necessary to refer to it again at the end of the study.<br>",,,,,,"Voor de volgende taak <strong>heb je je wasmiddel in de buurt nodig</strong> en moet je ermee kunnen omgaan.<br />➘<br />➘Dit is essentieel om de komende vragen nauwkeurig en zinvol te kunnen beantwoorden.<br />➘<br />➘Zorg ervoor dat je het bij de hand houdt, want je zult er aan het einde van het onderzoek opnieuw naar moeten verwijzen."
QID200_QuestionText,"<strong>To confirm </strong>you have your laundry detergent with you, please report➘<ul>➘	<li><strong>the exact name</strong> of the brand of the detergent, and</li>➘	<li>the&nbsp;<strong>first ingredient</strong>&nbsp;listed on the label of your laundry detergent.</li>➘</ul>➘<br>➘The answer will be checked automatically.",,,,,,"<strong>Om te bevestigen</strong> dat je je wasmiddel bij je hebt, geef alsjeblieft op:➘<ul>➘	<li><strong>de exacte merknaam</strong> van het wasmiddel, en</li>➘	<li><strong>het eerste ingrediënt</strong> dat op het etiket van je wasmiddel vermeld staat.</li>➘</ul>➘<br />➘Het antwoord wordt automatisch gecontroleerd."
QID200_Choice13,Name,,,,,,Merknaam
QID200_Choice14,First ingredient,,,,,,Eerste ingrediënt
QID212_QuestionText,"We are going to ask you some questions about the <strong>smell of your laundry detergent</strong>.&nbsp;<br>➘<br>➘If you cannot take the laundry detergent, please take <strong>another laundry/cleaning product</strong> and use it to answer the subsequent questions.<br>➘<br>➘If you cannot get any cleaning product, please indicate it below. There will be no repercussions for the payment.",,,,,,"We gaan je een aantal vragen stellen over de <strong>geur van je wasmiddel</strong>.<br />➘<br />➘Als je het wasmiddel niet kunt pakken, gebruik dan <strong>een ander was- of schoonmaakproduct</strong> om de volgende vragen te beantwoorden.<br />➘<br />➘Als je geen enkel schoonmaakproduct kunt pakken, geef dat dan hieronder aan. Dit heeft geen gevolgen voor de vergoeding."
QID212_Choice1,I confirm I have the laundry detergent with me,,,,,,Ik bevestig dat ik het wasmiddel bij me heb<br />
QID212_Choice4,"I can use another cleaning product, but not the laundry detergent",,,,,,"Ik kan een ander schoonmaakproduct gebruiken, maar niet het wasmiddel<br />"
QID212_Choice5,I cannot get any laundry/cleaning product right now,,,,,,Ik kan op dit moment geen wasmiddel of schoonmaakproduct pakken
QID214_QuestionText,"<p>You indicated that you cannot access any laundry or cleaning product right now. We kindly ask that you return to the study later, once you are able to do so. This would <strong>greatly support the quality of our research</strong>.</p>➘➘<p>&nbsp;</p>➘➘<p>However, if returning later is completely impossible, we ask you to continue anyway by&nbsp;<b>vividly imagining the scent of your usual laundry detergent</b>. Picture yourself holding the bottle or box, inhaling its fragrance as if it were right in front of you.</p>",,,,,,"<p>Je hebt aangegeven dat je op dit moment geen toegang hebt tot een was- of schoonmaakproduct. We vragen je vriendelijk om <strong>later terug te keren naar het onderzoek</strong>, zodra je dat wel kunt. Dit zou de <strong>kwaliteit van ons onderzoek aanzienlijk ondersteunen</strong>.</p>➘➘<p> </p>➘➘<p>Als het echter echt onmogelijk is om later terug te keren, vragen we je toch door te gaan door je <b>de geur van je gebruikelijke wasmiddel levendig voor te stellen</b>. Stel je voor dat je de fles of doos vasthoudt en zijn geur inademt alsof het recht voor je staat.</p>➘"
QID203_QuestionText,Please take a moment to <strong>smell your detergent</strong> and rate the <strong>pleasantness</strong> of the fragrance of your laundry product on a scale from 1 to 100.<br>➘<br>➘<br>➘<strong>1</strong> is extremely unpleasant and <strong>100</strong> is extremely pleasant.,,,,,,Neem even de tijd om aan je <strong>wasmiddel te ruiken</strong> en beoordeel de <strong>aangenaamheid</strong> van de geur van je wasproduct op een schaal van 1 tot 100.<br />➘<br />➘<br />➘<strong>1</strong> betekent extreem onaangenaam en <strong>100</strong> betekent extreem aangenaam.
QID203_Choice12,&nbsp;,,,,,,
QID203_LabelNA,I don't have a sense of smell,,,,,,Ik heb geen reukvermogen
QID336_QuestionText,"<strong>Please take a moment to <span style=""color:#1abc9c;"">smell your laundry detergent</span> again.</strong><br>➘<br>➘Now imagine encountering the second-hand clothing items you’ve just seen in an actual clothing store.<br>➘<br>➘Would this scent <strong>make these second-hand items more appealing to you</strong>?<br>➘<br>➘<em>(If you haven’t seen any pictures yet, answer thinking about second-hand clothes in general.)</em><br>➘<br>➘(<b>0</b>&nbsp;= not appealing at all, <strong>100</strong> = extremely appealing)",,,,,,"<strong>Neem even de tijd om opnieuw aan je <span style=""color:#1abc9c;"">wasmiddel te ruiken</span>.</strong><br />➘<br />➘Stel je nu voor dat je de tweedehands kledingstukken die je zojuist hebt gezien, tegenkomt in een echte kledingwinkel.<br />➘<br />➘Zou deze geur <strong>deze tweedehands kledingstukken aantrekkelijker voor je maken</strong>?<br />➘<br />➘<em>(Als je nog geen afbeeldingen hebt gezien, beantwoord de vraag dan met tweedehands kleding in het algemeen in gedachten.)</em><br />➘<br />➘(<b>0</b> = helemaal niet aantrekkelijk, <strong>100</strong> = extreem aantrekkelijk)"
QID336_Choice12,&nbsp;,,,,,,
QID351_QuestionText,"<strong>Please take a moment to <span style=""color:#1abc9c;"">smell your laundry detergent</span> again.</strong><br>➘<br>➘Now imagine encountering the second-hand clothing items you’ve just seen in an actual clothing store.<br>➘<br>➘Would this scent <strong>make these second-hand items more appealing to you</strong>?<br>➘<br>➘<em>(If you haven’t seen any pictures yet, answer thinking about second-hand clothes in general.)</em><br>➘<br>➘(<b>0</b>&nbsp;= not appealing at all, <strong>100</strong> = extremely appealing)",,,,,,
QID351_Choice12,&nbsp;,,,,,,
QID352_QuestionText,"<strong>Please take a moment to <span style=""color:#1abc9c;"">smell your laundry detergent</span> again.</strong><br>➘<br>➘Now imagine encountering the second-hand clothing items you’ve just seen in an actual clothing store.<br>➘<br>➘Would this scent <strong>make these second-hand items more appealing to you</strong>?<br>➘<br>➘<em>(If you haven’t seen any pictures yet, answer thinking about second-hand clothes in general.)</em><br>➘<br>➘(<b>0</b>&nbsp;= not appealing at all, <strong>100</strong> = extremely appealing)",,,,,,
QID352_Choice12,&nbsp;,,,,,,
QID33_QuestionText,<strong>How often</strong> do you <strong>buy second-hand clothing?</strong>,,,,,,<strong>Hoe vaak</strong> <strong>koopt u tweedehandskleding?</strong>
QID33_Choice1,0. Never,,,,,,0. Nooit
QID33_Choice2,1. Once a year or less,,,,,,1. Eenmaal per jaar of minder
QID33_Choice3,2. A few times a year,,,,,,2. Een paar keer per jaar
QID33_Choice4,3. About once every few months,,,,,,3. Ongeveer eens in de paar maanden
QID33_Choice5,4. About once a month,,,,,,4. Ongeveer een keer per maand
QID33_Choice6,5. A few times a month,,,,,,5. Een paar keer per maand
QID33_Choice7,6. Weekly or more often,,,,,,6. Wekelijks of vaker
QID36_QuestionText,How likely are you to <strong>choose second-hand clothes the next time you purchase clothing</strong>?,,,,,,"Hoe waarschijnlijk is het dat je de volgende keer dat je kleding koopt, <strong>voor tweedehands kleding kiest</strong>?"
QID36_Choice1,0. Very unlikely,,,,,,0. Zeer onwaarschijnlijk
QID36_Choice2,1,,,,,,1
QID36_Choice3,2,,,,,,2
QID36_Choice4,3,,,,,,3
QID36_Choice5,4,,,,,,4
QID36_Choice6,5,,,,,,5
QID36_Choice7,6. Very likely,,,,,,6. Zeer waarschijnlijk
QID314_QuestionText,<strong>How often</strong> do you swim across the atlantic ocean to get to work?,,,,,,<strong>Hoe vaak</strong> zwemt u over de atlantische oceaan om naar uw werk te gaan?
QID314_Choice1,0. Never,,,,,,0. Nooit
QID314_Choice2,1,,,,,,1
QID314_Choice3,2,,,,,,2
QID314_Choice4,3,,,,,,3
QID314_Choice5,4,,,,,,4
QID314_Choice6,5,,,,,,5
QID314_Choice7,6. Very often,,,,,,6. Heel vaak
QID37_QuestionText,How likely are you to <strong>recommend buying second-hand clothes</strong> to a friend or family member?,,,,,,Hoe waarschijnlijk is het dat je <strong>het kopen van tweedehands kleding aanbeveelt</strong> aan een vriend of familielid?
QID37_Choice1,0. Very unlikely,,,,,,0. Zeer onwaarschijnlijk
QID37_Choice2,1,,,,,,1
QID37_Choice3,2,,,,,,2
QID37_Choice4,3,,,,,,3
QID37_Choice5,4,,,,,,4
QID37_Choice6,5,,,,,,5
QID37_Choice7,6. Very likely,,,,,,6. Zeer waarschijnlijk
QID152_QuestionText,"<span style=""color:#000000;""><strong>Cleanliness/hygiene concerns</strong></span>",,,,,,"<span style=""font-size:medium""><span style=""font-family:Aptos, sans-serif""><span style=""color:#000000""><span style=""font-style:normal""><span style=""font-weight:400""><span style=""white-space:normal""><span style=""text-decoration:none""><b><span lang=""NL"" style=""font-family:""Times New Roman"", serif"">Zorgen over netheid/hygiëne</span></b></span></span></span></span></span></span></span>"
QID149_QuestionText,"How much do you <strong>associate</strong> second-hand clothing with <strong>concerns about&nbsp;cleanliness/hygiene</strong>? (e.g., allergens, bacteria, viruses, insects)",,,,,,"<strong>In hoeverre associeer je</strong> tweedehands kleding met <strong>zorgen over netheid/hygiëne</strong>? (bijv. allergenen, bacteriën, virussen, insecten)"
QID149_Choice9,0. Not at all,,,,,,
QID149_Choice10,1,,,,,,
QID149_Choice11,2,,,,,,
QID149_Choice12,3,,,,,,
QID149_Choice13,4,,,,,,
QID149_Choice14,5,,,,,,
QID149_Choice15,6. Very much,,,,,,
QID150_QuestionText,To what extent do concerns about cleanliness/hygiene <strong>influence your decision</strong> to purchase or avoid second-hand clothing?,,,,,,<strong>In welke mate beïnvloeden</strong> zorgen over netheid/hygiëne je beslissing om tweedehands kleding te kopen of te vermijden?
QID150_Choice9,0. Not at all,,,,,,
QID150_Choice10,1,,,,,,
QID150_Choice11,2,,,,,,
QID150_Choice12,3,,,,,,
QID150_Choice13,4,,,,,,
QID150_Choice14,5,,,,,,
QID150_Choice15,6. Very much,,,,,,
QID153_QuestionText,"<span style=""color:#000000;""><strong>Sustainability</strong></span>",,,,,,<b>Duurzaamheid</b>
QID154_QuestionText,"How much do you <strong>associate</strong> second-hand clothing with <strong>sustainability</strong>? (e.g., reduction of CO2 emissions, pollution, and waste)",,,,,,"<strong>In hoeverre associeer je</strong> tweedehands kleding met <strong>duurzaamheid</strong>? (bijv. vermindering van CO2-uitstoot, vervuiling en afval)"
QID154_Choice1,0. Not at all,,,,,,
QID154_Choice2,1,,,,,,
QID154_Choice3,2,,,,,,
QID154_Choice4,3,,,,,,
QID154_Choice5,4,,,,,,
QID154_Choice6,5,,,,,,
QID154_Choice7,6. Very much,,,,,,
QID155_QuestionText,To what extent does sustainability&nbsp;<strong>influence your decision</strong> to purchase or avoid second-hand clothing?,,,,,,<strong>In welke mate beïnvloedt</strong> duurzaamheid je beslissing om tweedehands kleding te kopen of te vermijden?
QID155_Choice9,0. Not at all,,,,,,
QID155_Choice10,1,,,,,,
QID155_Choice11,2,,,,,,
QID155_Choice12,3,,,,,,
QID155_Choice13,4,,,,,,
QID155_Choice14,5,,,,,,
QID155_Choice15,6. Very much,,,,,,
QID169_QuestionText,"<span style=""color:#000000;""><b>Economic convenience</b></span>",,,,,,"<span style=""font-size:medium""><span style=""font-family:Aptos, sans-serif""><span style=""color:#000000""><span style=""font-style:normal""><span style=""font-weight:400""><span style=""white-space:normal""><span style=""text-decoration:none""><b><span lang=""NL"" style=""font-family:""Times New Roman"", serif"">Economisch gemak</span></b></span></span></span></span></span></span></span>"
QID157_QuestionText,"How much do you <strong>associate</strong> second-hand clothing with <strong>economic convenience</strong>?&nbsp;(e.g., affordable prices, cost savings, bargains)",,,,,,"<strong>In hoeverre associeer je</strong> tweedehands kleding met <strong>economisch gemak</strong>? (bijv. betaalbare prijzen, kostenbesparingen, koopjes)"
QID157_Choice1,0. Not at all,,,,,,
QID157_Choice2,1,,,,,,
QID157_Choice3,2,,,,,,
QID157_Choice4,3,,,,,,
QID157_Choice5,4,,,,,,
QID157_Choice6,5,,,,,,
QID157_Choice7,6. Very much,,,,,,
QID161_QuestionText,To what extent does economic convenience&nbsp;<strong>influence your decision</strong> to purchase or avoid second-hand clothing?,,,,,,<strong>In welke mate beïnvloedt</strong> economisch gemak je beslissing om tweedehands kleding te kopen of te vermijden?
QID161_Choice9,0. Not at all,,,,,,
QID161_Choice10,1,,,,,,
QID161_Choice11,2,,,,,,
QID161_Choice12,3,,,,,,
QID161_Choice13,4,,,,,,
QID161_Choice14,5,,,,,,
QID161_Choice15,6. Very much,,,,,,
QID170_QuestionText,"<span style=""color:#000000;""><b>Quality concerns</b></span>",,,,,,<b>Kwaliteitszorgen</b>
QID172_QuestionText,"How much do you <strong>associate</strong> second-hand clothing with <strong>quality</strong>&nbsp;<strong>concerns</strong>? (e.g., wear and tear, fading, damaged fabric, missing buttons or zippers)",,,,,,"<strong>In hoeverre associeer je</strong> tweedehands kleding met <strong>kwaliteitszorgen</strong>? (bijv. slijtage, vervaging, beschadigde stof, ontbrekende knopen of ritsen)"
QID172_Choice1,0. Not at all,,,,,,
QID172_Choice2,1,,,,,,
QID172_Choice3,2,,,,,,
QID172_Choice4,3,,,,,,
QID172_Choice5,4,,,,,,
QID172_Choice6,5,,,,,,
QID172_Choice7,6. Very much,,,,,,
QID173_QuestionText,To what extent do concerns for low quality&nbsp;<strong>influence your decision</strong> to purchase or avoid second-hand clothing?,,,,,,<strong>In welke mate beïnvloeden</strong> zorgen over lage kwaliteit je beslissing om tweedehands kleding te kopen of te vermijden?
QID173_Choice9,0. Not at all,,,,,,
QID173_Choice10,1,,,,,,
QID173_Choice11,2,,,,,,
QID173_Choice12,3,,,,,,
QID173_Choice13,4,,,,,,
QID173_Choice14,5,,,,,,
QID173_Choice15,6. Very much,,,,,,
QID171_QuestionText,"<span style=""color:#000000;""><b>Emotional value</b></span>",,,,,,"<span style=""font-size:medium""><span style=""font-family:Aptos, sans-serif""><span style=""color:#000000""><span style=""font-style:normal""><span style=""font-weight:400""><span style=""white-space:normal""><span style=""text-decoration:none""><b><span lang=""NL"" style=""font-family:""Times New Roman"", serif"">Emotionele waarde</span></b></span></span></span></span></span></span></span>"
QID174_QuestionText,"How much do you <strong>associate</strong> second-hand clothing with <strong>positive</strong>&nbsp;<strong>emotional or sentimental value</strong>? (e.g., thrill of finding unique items, joy of treasure hunting)",,,,,,"<strong>In hoeverre associeer je</strong> tweedehands kleding met <strong>positieve emotionele of sentimentele waarde</strong>? (bijv. de sensatie van het vinden van unieke items, vreugde van schattenjacht)"
QID174_Choice1,0. Not at all,,,,,,
QID174_Choice2,1,,,,,,
QID174_Choice3,2,,,,,,
QID174_Choice4,3,,,,,,
QID174_Choice5,4,,,,,,
QID174_Choice6,5,,,,,,
QID174_Choice7,6. Very much,,,,,,
QID175_QuestionText,To what extent does a positive emotional or sentimental value&nbsp;<strong>influence your decision</strong> to purchase or avoid second-hand clothing?,,,,,,<strong>In welke mate beïnvloedt</strong> een positieve emotionele of sentimentele waarde je beslissing om tweedehands kleding te kopen of te vermijden?
QID175_Choice9,0. Not at all,,,,,,
QID175_Choice10,1,,,,,,
QID175_Choice11,2,,,,,,
QID175_Choice12,3,,,,,,
QID175_Choice13,4,,,,,,
QID175_Choice14,5,,,,,,
QID175_Choice15,6. Very much,,,,,,
QID159_QuestionText,"<span style=""color:#000000;""><b>Fashion and uniqueness</b></span>",,,,,,"<span style=""font-size:medium""><span style=""font-family:Aptos, sans-serif""><span style=""color:#000000""><span style=""font-style:normal""><span style=""font-weight:400""><span style=""white-space:normal""><span style=""text-decoration:none""><b><span lang=""NL"" style=""font-family:""Times New Roman"", serif"">Mode en uniciteit</span></b></span></span></span></span></span></span></span>"
QID160_QuestionText,"How much do you <strong>associate</strong> second-hand clothing with <strong>fashion and uniqueness</strong>? (e.g., unique styles, vintage items, one-of-a-kind pieces)",,,,,,"<strong>In hoeverre associeer je</strong> tweedehands kleding met <strong>mode en uniciteit</strong>? (bijv. unieke stijlen, vintage items, unieke stukken)"
QID160_Choice1,0. Not at all,,,,,,
QID160_Choice2,1,,,,,,
QID160_Choice3,2,,,,,,
QID160_Choice4,3,,,,,,
QID160_Choice5,4,,,,,,
QID160_Choice6,5,,,,,,
QID160_Choice7,6. Very much,,,,,,
QID158_QuestionText,To what extent do fashion and uniqueness&nbsp;<strong>influence your decision</strong> to purchase or avoid second-hand clothing?,,,,,,<strong>In welke mate beïnvloeden</strong> mode en er uniek uitzien je beslissing om tweedehands kleding te kopen of te vermijden?
QID158_Choice9,0. Not at all,,,,,,
QID158_Choice10,1,,,,,,
QID158_Choice11,2,,,,,,
QID158_Choice12,3,,,,,,
QID158_Choice13,4,,,,,,
QID158_Choice14,5,,,,,,
QID158_Choice15,6. Very much,,,,,,
QID162_QuestionText,"<span style=""color:#000000;""><b>Social stigma</b></span>",,,,,,"<span style=""font-size:medium""><span style=""font-family:Aptos, sans-serif""><span style=""color:#000000""><span style=""font-style:normal""><span style=""font-weight:400""><span style=""white-space:normal""><span style=""text-decoration:none""><b><span lang=""NL"" style=""font-family:""Times New Roman"", serif"">Sociaal stigma</span></b></span></span></span></span></span></span></span>"
QID163_QuestionText,"How much do you <strong>associate</strong> second-hand clothing with <strong>concerns about social perception</strong>? (e.g., social stigma, peer criticism, perceived lower status)",,,,,,"<strong>In hoeverre associeer je</strong> tweedehands kleding met <strong>zorgen over sociale perceptie</strong>? (bijv. sociaal stigma, kritiek van leeftijdsgenoten, waargenomen lagere status)"
QID163_Choice1,0. Not at all,,,,,,
QID163_Choice2,1,,,,,,
QID163_Choice3,2,,,,,,
QID163_Choice4,3,,,,,,
QID163_Choice5,4,,,,,,
QID163_Choice6,5,,,,,,
QID163_Choice7,6. Very much,,,,,,
QID164_QuestionText,To what extent do concerns about social perception&nbsp;<strong>influence your decision</strong> to purchase or avoid second-hand clothing?,,,,,,<strong>In welke mate beïnvloeden</strong> zorgen over sociale perceptie je beslissing om tweedehands kleding te kopen of te vermijden?
QID164_Choice9,0. Not at all,,,,,,
QID164_Choice10,1,,,,,,
QID164_Choice11,2,,,,,,
QID164_Choice12,3,,,,,,
QID164_Choice13,4,,,,,,
QID164_Choice14,5,,,,,,
QID164_Choice15,6. Very much,,,,,,
QID332_QuestionText,"<font color=""#000000""><span style=""caret-color: rgb(0, 0, 0);""><b>Immaterial essence</b></span></font><br>",,,,,,"<meta charset=""UTF-8"" />➘<p><b>Immateriële essentie</b></p>➘"
QID333_QuestionText,"To what extent do you <strong>believe that</strong>&nbsp;second-hand clothing can transfer a <strong>previous owner&rsquo;s immaterial essence</strong>? (e.g., &ldquo;energy,&rdquo; aura, karma, luck)",,,,,,"In welke mate <strong>geloof je dat</strong> tweedehands kleding de <strong>immateriële essentie van een vorige eigenaar</strong> kan overdragen? (bijv. “energie”, aura, karma, geluk)"
QID333_Choice1,0. Not at all,,,,,,
QID333_Choice2,1,,,,,,
QID333_Choice3,2,,,,,,
QID333_Choice4,3,,,,,,
QID333_Choice5,4,,,,,,
QID333_Choice6,5,,,,,,
QID333_Choice7,6. Very much,,,,,,
QID363_QuestionText,"Would you experience this immaterial essence as <strong>positive or negative</strong>, if you consider&nbsp;buying second-hand clothing?&nbsp;",,,,,,"Zou je deze immateriële essentie als <strong>positief of negatief</strong> ervaren, als je overweegt tweedehands kleding te kopen?"
QID363_Choice1,&nbsp;,,,,,,
QID363_Label1,Negative,,,,,,<p>Negatief</p>➘
QID363_Label2,Neutral,,,,,,Neutraal
QID363_Label3,Positive,,,,,,<p>Positief</p>➘
QID363_LabelNA,Not Applicable,,,,,,<p>Niet van toepassing</p>➘
QID334_QuestionText,To what extent does the potential transfer of the previous owner’s immaterial essence&nbsp;<strong>influence your decision</strong> to purchase or avoid second-hand clothing?,,,,,,In welke mate <strong>beïnvloedt</strong> de mogelijke overdracht van de immateriële essentie van de vorige eigenaar je beslissing om tweedehands kleding te kopen of te vermijden?
QID334_Choice9,0. Not at all,,,,,,
QID334_Choice10,1,,,,,,
QID334_Choice11,2,,,,,,
QID334_Choice12,3,,,,,,
QID334_Choice13,4,,,,,,
QID334_Choice14,5,,,,,,
QID334_Choice15,6. Very much,,,,,,
QID165_QuestionText,"<span style=""color:#000000;""><b>Health risk</b></span>",,,,,,<b>Gezondheidsrisico</b>
QID166_QuestionText,"<meta charset=""UTF-8"" />How much do you&nbsp;<strong>associate</strong>&nbsp;second-hand clothing with&nbsp;<strong>potential health risks</strong>? (e.g., skin infections, allergies, parasites)",,,,,,"<strong>In hoeverre associeer je</strong> tweedehands kleding met <strong>potentiële gezondheidsrisico's</strong>? (bijv. huidinfecties, allergieën, parasieten)"
QID166_Choice1,0. Not at all,,,,,,
QID166_Choice2,1,,,,,,
QID166_Choice3,2,,,,,,
QID166_Choice4,3,,,,,,
QID166_Choice5,4,,,,,,
QID166_Choice6,5,,,,,,
QID166_Choice7,6. Very much,,,,,,
QID167_QuestionText,To what extent do the potential health risks&nbsp;<strong>influence your decision</strong> to purchase or avoid second-hand clothing?,,,,,,<strong>In welke mate beïnvloeden</strong> de potentiële gezondheidsrisico's je beslissing om tweedehands kleding te kopen of te vermijden?
QID167_Choice9,0. Not at all,,,,,,
QID167_Choice10,1,,,,,,
QID167_Choice11,2,,,,,,
QID167_Choice12,3,,,,,,
QID167_Choice13,4,,,,,,
QID167_Choice14,5,,,,,,
QID167_Choice15,6. Very much,,,,,,
QID176_QuestionText,<strong>I describe myself as:</strong>,,,,,,
QID176_Choice1,"Extraverted, enthusiastic.",,,,,,
QID176_Choice2,"Critical, quarrelsome.",,,,,,
QID176_Choice3,"Dependable, self-disciplined.",,,,,,
QID176_Choice4,"Anxious, easily upset.",,,,,,
QID176_Choice5,"Open to new experiences, complex.",,,,,,
QID176_Choice6,"Reserved, quiet.",,,,,,
QID176_Choice7,"Sympathetic, warm.",,,,,,
QID176_Choice8,"Disorganized, careless.",,,,,,
QID176_Choice9,"Calm, emotionally stable.",,,,,,
QID176_Choice11,"Attention check, select strongly agree.",,,,,,
QID176_Choice10,"Conventional, uncreative.",,,,,,
QID176_Answer1,Strongly disagree,,,,,,
QID176_Answer2,Disagree,,,,,,
QID176_Answer3,Somewhat disagree,,,,,,
QID176_Answer4,Neither agree nor disagree,,,,,,
QID176_Answer5,Somewhat agree,,,,,,
QID176_Answer6,Agree,,,,,,
QID176_Answer7,Strongly agree,,,,,,
QID353_QuestionText,I often feel awe,,,,,,
QID353_Choice8,Strongly disagree,,,,,,
QID353_Choice9,Disagree,,,,,,
QID353_Choice10,Somewhat disagree,,,,,,
QID353_Choice11,Neither agree nor disagree,,,,,,
QID353_Choice12,Somewhat agree,,,,,,
QID353_Choice13,Agree,,,,,,
QID353_Choice14,Strongly agree,,,,,,
QID358_QuestionText,I see beauty all around me.&nbsp;,,,,,,
QID358_Choice8,Strongly disagree,,,,,,
QID358_Choice9,Disagree,,,,,,
QID358_Choice10,Somewhat disagree,,,,,,
QID358_Choice11,Neither agree nor disagree,,,,,,
QID358_Choice12,Somewhat agree,,,,,,
QID358_Choice13,Agree,,,,,,
QID358_Choice14,Strongly agree,,,,,,
QID357_QuestionText,I feel wonder almost every day.&nbsp;,,,,,,
QID357_Choice8,Strongly disagree,,,,,,
QID357_Choice9,Disagree,,,,,,
QID357_Choice10,Somewhat disagree,,,,,,
QID357_Choice11,Neither agree nor disagree,,,,,,
QID357_Choice12,Somewhat agree,,,,,,
QID357_Choice13,Agree,,,,,,
QID357_Choice14,Strongly agree,,,,,,
QID356_QuestionText,I often look for patterns in the objects around me.&nbsp;,,,,,,
QID356_Choice8,Strongly disagree,,,,,,
QID356_Choice9,Disagree,,,,,,
QID356_Choice10,Somewhat disagree,,,,,,
QID356_Choice11,Neither agree nor disagree,,,,,,
QID356_Choice12,Somewhat agree,,,,,,
QID356_Choice13,Agree,,,,,,
QID356_Choice14,Strongly agree,,,,,,
QID355_QuestionText,I have many opportunities to see the beauty of nature.&nbsp;,,,,,,
QID355_Choice8,Strongly disagree,,,,,,
QID355_Choice9,Disagree,,,,,,
QID355_Choice10,Somewhat disagree,,,,,,
QID355_Choice11,Neither agree nor disagree,,,,,,
QID355_Choice12,Somewhat agree,,,,,,
QID355_Choice13,Agree,,,,,,
QID355_Choice14,Strongly agree,,,,,,
QID354_QuestionText,I seek out experiences that challenge my understanding of the world.&nbsp;,,,,,,
QID354_Choice8,Strongly disagree,,,,,,
QID354_Choice9,Disagree,,,,,,
QID354_Choice10,Somewhat disagree,,,,,,
QID354_Choice11,Neither agree nor disagree,,,,,,
QID354_Choice12,Somewhat agree,,,,,,
QID354_Choice13,Agree,,,,,,
QID354_Choice14,Strongly agree,,,,,,
QID177_QuestionText,"The following scale represents a range of <strong>political views</strong>, from extremely <strong>progressive (left) </strong>to extremely <strong>conservative (right)</strong>.<br />➘<br />➘Please select the option that best describes your political stance. If you have no interest in politics or no specific political view, select the last option.",,,,,,"De volgende schaal vertegenwoordigt een scala aan <strong>politieke opvattingen</strong>, van <strong>extreem progressief (links)</strong> tot <strong>extreem conservatief (rechts)</strong>.<br />➘<br />➘Selecteer alstublieft de optie die het beste je politieke standpunt beschrijft. Als je geen interesse hebt in politiek of geen specifieke politieke visie hebt, selecteer dan de laatste optie."
QID177_Choice9,Extremely progressive,,,,,,Extreem progressief<br />
QID177_Choice10,Progressive,,,,,,Progressief<br />
QID177_Choice11,Slightly progressive,,,,,,Enigszins progressief<br />
QID177_Choice12,Moderate,,,,,,Gematigd<br />
QID177_Choice13,Slightly conservative,,,,,,Enigszins conservatief<br />
QID177_Choice14,Conservative,,,,,,Conservatief<br />
QID177_Choice15,Extremely conservative,,,,,,Extreem conservatief<br />
QID177_Choice16,"<span style=""color:#95a5a6;""><strong>Not interested in politics or no political view</strong></span>",,,,,,"<span style=""color:#95a5a6;""><strong>Niet geïnteresseerd in politiek of geen politieke voorkeur</strong></span>"
QID335_QuestionText,"Regardless of whether you belong to a particular religion, <strong>how religious</strong> would you say <strong>you are</strong>?<br />➘<br />➘Please use a scale from 0 to 10, where 0 = &quot;Not at all religious&quot; and 10 = &quot;Very religious&quot;.",,,,,,"Ongeacht of je tot een bepaalde religie behoort, <strong>hoe religieus</strong> zou je zeggen dat <strong>je bent</strong>?<br />➘<br />➘Gebruik alstublieft een schaal van 0 tot 10, waarbij 0 = ""Helemaal niet religieus"" en 10 = ""Zeer religieus""."
QID335_Choice1,0. Not at all religious,,,,,,0. Helemaal niet religieus
QID335_Choice2,1,,,,,,1
QID335_Choice3,2,,,,,,2
QID335_Choice4,3,,,,,,3
QID335_Choice5,4,,,,,,4
QID335_Choice16,5,,,,,,5
QID335_Choice17,6,,,,,,6
QID335_Choice18,7,,,,,,7
QID335_Choice19,8,,,,,,8
QID335_Choice20,9,,,,,,9
QID335_Choice21,10. Very religious,,,,,,10. Zeer religieus
QID326_QuestionText,Do you believe in <strong>telepathy</strong> (mind-reading)?,,,,,,
QID326_Choice6,Strongly disagree,,,,,,
QID326_Choice7,Disagree,,,,,,
QID326_Choice8,Neither agree nor disagree,,,,,,
QID326_Choice9,Agree,,,,,,
QID326_Choice10,Strongly agree,,,,,,
QID331_QuestionText,"Do you believe in <strong>clairvoyance</strong> (psychic forces, fortune telling)?",,,,,,
QID331_Choice6,Strongly disagree,,,,,,
QID331_Choice7,Disagree,,,,,,
QID331_Choice8,Neither agree nor disagree,,,,,,
QID331_Choice9,Agree,,,,,,
QID331_Choice10,Strongly agree,,,,,,
QID330_QuestionText,"Have you had experiences with <strong>astrology, seeing the future, UFO&rsquo;s, ESP, or a sixth sense</strong>?",,,,,,
QID330_Choice6,Strongly disagree,,,,,,
QID330_Choice7,Disagree,,,,,,
QID330_Choice8,Neither agree nor disagree,,,,,,
QID330_Choice9,Agree,,,,,,
QID330_Choice10,Strongly agree,,,,,,
QID329_QuestionText,Have you ever felt that you are <strong>communicating with another person telepathically</strong> (by mind-reading)?,,,,,,
QID329_Choice6,Strongly disagree,,,,,,
QID329_Choice7,Disagree,,,,,,
QID329_Choice8,Neither agree nor disagree,,,,,,
QID329_Choice9,Agree,,,,,,
QID329_Choice10,Strongly agree,,,,,,
QID215_QuestionText,"Please rate your overall <strong>smelling ability</strong>&nbsp;from 0 = ""no sense of smell at all"" to 10 = ""excellent sense of smell"".",,,,,,"Beoordeel je <strong>algehele reukvermogen</strong> van 0 = ""helemaal geen reukvermogen"" tot 10 = ""uitstekend reukvermogen""."
QID215_Choice1,0. No sense of smell at all,,,,,,0. Helemaal geen reukvermogen
QID215_Choice11,1,,,,,,1
QID215_Choice12,2,,,,,,2
QID215_Choice13,3,,,,,,3
QID215_Choice14,4,,,,,,4
QID215_Choice15,5,,,,,,5
QID215_Choice16,6,,,,,,6
QID215_Choice17,7,,,,,,7
QID215_Choice18,8,,,,,,8
QID215_Choice19,9,,,,,,9
QID215_Choice20,10. Excellent sense of smell,,,,,,10. Uitstekend reukvermogen
QID360_QuestionText,Please indicate your <strong>age</strong> in numbers (with no spaces).,,,,,,"<span style=""font-size:medium""><span style=""font-family:Aptos, sans-serif""><span style=""color:#000000""><span style=""font-style:normal""><span style=""font-weight:400""><span style=""white-space:normal""><span style=""text-decoration:none""><span lang=""NL"" style=""font-family:""Times New Roman"", serif"">Geef je <strong>leeftijd</strong> in cijfers aan</span></span></span></span></span></span></span></span>"
QID360_Choice15,,,,,,,
QID6_QuestionText,How would you describe yourself?,,,,,,"<span style=""font-size:medium""><span style=""font-family:Aptos, sans-serif""><span style=""color:#000000""><span style=""font-style:normal""><span style=""font-weight:400""><span style=""white-space:normal""><span style=""text-decoration:none""><span lang=""NL"" new="""" roman="""" style=""font-family:"" times="""">Hoe zou je jezelf beschrijven?</span></span></span></span></span></span></span></span>"
QID6_Choice1,Female,,,,,,Vrouwelijk
QID6_Choice2,Male,,,,,,Mannelijk
QID6_Choice3,Non-binary / third gender,,,,,,Non-binair / derde geslacht
QID361_QuestionText,What is your <strong>main occupation</strong>?,,,,,,Wat is je<strong> hoofdbaan?</strong><br />➘ 
QID361_Choice1,Worker,,,,,,Werknemer
QID361_Choice2,Student,,,,,,Student
QID361_Choice3,Not currently working,,,,,,Werkt momenteel niet
QID362_QuestionText,Which of the following best describes the <strong>area where you currently live</strong>?,,,,,,Welke van de volgende opties beschrijft het beste <strong>het gebied waar je momenteel woont</strong>?
QID362_Choice1,Urban / City<br />➘(Large city or densely built-up metropolitan core)<br />➘&nbsp;,,,,,,<p>Stedelijk / Stad<br /></p>➘➘<p>(Grote stad of dichtbebouwd stedelijk gebied)</p>➘
QID362_Choice2,Suburban / Town<br />➘(Suburb of a city or a medium-sized town)<br />➘&nbsp;,,,,,,<p>Suburbaan / Dorp<br /></p>➘➘<p>(Voorstad van een stad of middelgrote plaats)<br /></p>➘
QID362_Choice3,"Rural / Village<br />➘(Small village, open countryside, or isolated area)<br />➘&nbsp;",,,,,,"<p>Landelijk / Plattelandsgebied<br /></p>➘➘<p>(Klein dorp, open platteland of afgelegen gebied)<br /></p>➘"
QID316_QuestionText,"<img style=""width: 969px; height: 1279px;"" src=""https://psychru.qualtrics.com/CP/Graphic.php?IM=IM_39FWLy47hp84Hs2"">",,,,,,
QID315_QuestionText,"<span style=""font-size:16px;""><span style=""font-family:Arial,Helvetica,sans-serif;""><span style=""color:#000000""><span style=""font-style:normal""><span style=""font-weight:400""><span style=""white-space:normal""><span style=""text-decoration:none"">Imagine that this <strong>ladder</strong> is a picture of <strong>how your country is set up</strong>.</span></span></span></span></span></span></span>➘<ul>➘	<li><span style=""font-size:16px;""><span style=""font-family:Arial,Helvetica,sans-serif;""><span style=""color:#000000""><span style=""font-style:normal""><span style=""font-weight:400""><span style=""white-space:normal""><span style=""text-decoration:none""><strong>At the top</strong> of the ladder are people that have <strong>the most money, the highest amount of schooling, the best jobs, and the most respect</strong>.</span></span></span></span></span></span></span></li>➘	<li><span style=""font-size:16px;""><span style=""font-family:Arial,Helvetica,sans-serif;""><span style=""color:#000000""><span style=""font-style:normal""><span style=""font-weight:400""><span style=""white-space:normal""><span style=""text-decoration:none""><strong>At the bottom</strong> are people who hav</span></span></span></span></span></span></span><span style=""font-size:16px;""><span style=""font-family:Arial,Helvetica,sans-serif;""><span style=""color:#000000""><span style=""font-style:normal""><span style=""font-weight:400""><span style=""white-space:normal""><span style=""text-decoration:none"">e <strong>the least money, little or no education, no jobs or jobs that no one wants, and the least respect.</strong></span></span></span></span></span></span></span></li>➘</ul>➘<br />➘<br />➘<span style=""font-size:16px;""><span style=""font-family:Arial,Helvetica,sans-serif;""><span style=""color:#000000""><span style=""font-style:normal""><span style=""font-weight:400""><span style=""white-space:normal""><span style=""text-decoration:none"">Now think about<strong> your family</strong>. Tell us where you think your family <strong>would be on this ladder</strong>?</span></span></span></span></span></span></span><br />➘&nbsp;",,,,,,"<span style=""font-size:16px;""><span style=""font-family:Arial,Helvetica,sans-serif;""><span style=""color:#000000""><span style=""font-style:normal""><span style=""font-weight:400""><span style=""white-space:normal""><span style=""text-decoration:none"">Stel je voor dat deze <strong>ladder</strong> een beeld is van <strong>hoe jouw land is gestructureerd</strong>.</span></span></span></span></span></span></span>➘<ul>➘	<li><span style=""font-size:16px;""><span style=""font-family:Arial,Helvetica,sans-serif;""><span style=""color:#000000""><span style=""font-style:normal""><span style=""font-weight:400""><span style=""white-space:normal""><span style=""text-decoration:none""><strong>Bovenaan</strong> de ladder staan mensen die <strong>het meeste geld hebben, de hoogste opleiding, de beste banen en het meeste respect genieten</strong>.</span></span></span></span></span></span></span></li>➘	<li><span style=""font-size:16px;""><span style=""font-family:Arial,Helvetica,sans-serif;""><span style=""color:#000000""><span style=""font-style:normal""><span style=""font-weight:400""><span style=""white-space:normal""><span style=""text-decoration:none""><strong>Onderaan</strong> staan mensen die <strong>het minste geld hebben, weinig of geen opleiding, geen banen of banen die niemand wil, en het minste respect genieten</strong>.</span></span></span></span></span></span></span></li>➘</ul>➘<br />➘<br />➘<span style=""font-size:16px;""><span style=""font-family:Arial,Helvetica,sans-serif;""><span style=""color:#000000""><span style=""font-style:normal""><span style=""font-weight:400""><span style=""white-space:normal""><span style=""text-decoration:none"">Denk nu aan <strong>je gezin</strong>. Vertel ons waar jij denkt dat jouw gezin <strong>op deze ladder zou staan</strong>?</span></span></span></span></span></span></span><br />➘ "
QID315_Choice1,1,,,,,,1
QID315_Choice2,2,,,,,,2
QID315_Choice3,3,,,,,,3
QID315_Choice4,4,,,,,,4
QID315_Choice5,5,,,,,,5
QID315_Choice6,6,,,,,,6
QID315_Choice7,7,,,,,,7
QID315_Choice8,8,,,,,,8
QID315_Choice9,9,,,,,,9
QID315_Choice10,10,,,,,,10
SurveyTitle,Qualtrics Survey | Qualtrics Experience Management,,,,,,
SurveyDescription,"The most powerful, simple and trusted way to gather experience data. Start your journey to experience management and try a free account today.",,,,,,